c,theta,A1,n_star,w,N_real,N_predict,Error_predict,start_ind
144.570948954848,0.304499980709496,36.710512299004,0.922294834641663,0.093134828735681,63,491,679.365079365079,
59.8354786990383,0.330428069158966,27.9710433771433,0.922294844549375,0.094453941159741,63,389,517.460317460318,
18.770476149977,0.478820903788934,12.5000910722492,0.59542707148509,2.23322629460698,116,78,32.7586206896552,
45.8279329074909,0.338352923236731,20.8380857952257,0.922294835538458,0.108140920021599,53,292,450.943396226415,
1093.48339056053,0.45559030719198,73.1193476775615,0.922294787395775,0.06057489924517,70,954,1262.85714285714,
22.6213889436045,0.48323104092121,14.9283586628591,0.29098564370177,1.66230615373528,87,73,16.0919540229885,
31.1098822162355,0.631007696343448,41.0106283620774,0.268699671529139,3.37024248594057,341,208,39.0029325513196,
38.7625333773577,0.448171409547722,16.5422499481096,0.555401725410484,2.98329481383976,142,68,52.112676056338,
17.9682857266176,0.680044682676226,9.33118872198753,0.2924748133765,5.61095326330374,152,91,40.1315789473684,
28.2167773567111,0.361194707758009,19.1647867522024,0.922294847107141,0.158128603360183,74,282,281.081081081081,
12.2643485681483,0.41602855778398,13.0074072488476,0.922294849571716,0.298695769809038,89,206,131.460674157303,
331.565487234661,0.081083257536255,246.054086559893,0.922294629172628,0.0180009452356,66,3176,4712.12121212121,
200.82151857073,0.308280385378945,29.3264151941755,0.922294846689622,0.593524787338537,233,386,65.6652360515021,
0.008980031667995,0.037750046710293,51.8168315081566,0.34288624251462,2.30802811328812,306,203,33.6601307189542,
78.8017208939235,0.320695174500071,18.880494593204,0.922294845541659,0.164625251896337,53,256,383.018867924528,
4.00660895196087,0.043572255702418,160.37745349186,0.922294785472587,0.046028885104345,126,2095,1562.69841269841,
67.4689875045564,0.826329366895441,12.5058432254363,0.081984746231632,3.74375218833381,92,55,40.2173913043478,
0.823850011777019,1.23316989159743,0.005874123167007,0.88246656806781,8203.55748801059,411,1,99.7566909975669,
2.43960667732642,0.031121934144646,28.6162772317859,0.922294850445751,0.260680112118916,101,373,269.306930693069,
23.8047738219346,0.526624479284118,9.18631032929813,0.451003770162912,4.96028170648136,112,46,58.9285714285714,
9.86126325615874,0.500660275350035,21.0291197675917,0.191570638681804,6.03560258963193,252,121,51.984126984127,
36.923390316988,0.345973763107529,22.4697125098575,0.922294708132299,0.096830263019215,55,316,474.545454545455,
6801.75835625399,0.274556282370232,234.380789635893,0.922294787851521,0.035142609172597,110,3020,2645.45454545454,
64.5772662390137,0.057288554100764,145.374221443945,0.922294369534503,0.035812932922195,86,1890,2097.67441860465,
2.88035975887336,0.07319911418583,103.062956991282,0.21240716355289,0.305674457414892,81,172,112.345679012346,
53.122083113926,0.548634922096795,13.4572702943592,0.073361488418037,45.0330247753607,682,43,93.6950146627566,
41.3336567311129,0.351738082197856,21.26776658224,0.922294848836549,0.146146330622868,60,294,390,
213.411551889925,1.10403015026738,17.5325595168118,0.922293990080792,0.155123405944487,64,255,298.4375,
162.654456237054,0.322305520736433,74.4925622108509,0.922294849749388,0.238875921021794,248,978,294.354838709677,
103.397903378276,0.060838095083414,112.336600999716,0.92229459938465,0.142494186082794,214,1454,579.439252336449,
35.5621806616345,0.355027715341514,14.0993773210486,0.922294834694733,0.815664706554878,165,198,20,
0.823850011777019,1.23316989159743,0.0030490079647,0.88246656806781,2736.91435502887,72,1,98.6111111111111,
9.16493380789384,0.439352332091812,25.0218921758097,0.922294848258767,0.652152193407449,304,416,36.8421052631579,
16.2724862449002,0.496393321495252,27.8058973333263,0.602182765811825,1.43069374607586,183,153,16.3934426229508,
23.719846375718,0.276239247885985,96.5750008907211,0.922267676794398,0.271248176843711,424,1329,213.443396226415,
4831.28647716749,0.516457460843856,117.31200424448,0.922294824229295,0.121877999049551,189,1515,701.587301587302,
9806.39147490311,0.420574497853244,263.811684132502,0.922294638522906,0.02415298496757,85,3398,3897.64705882353,
33.4468555393492,0.019446637326005,512.117462822461,0.922294558340322,0.004096808012069,53,6616,12383.0188679245,
0.823850011777019,1.23316989159743,0.00596594139398,0.88246656806781,1241.14632088066,64,1,98.4375,
1.53330029427413E-09,0.002192939905769,2202.47952657428,0.184438767389617,0.403988910699152,1214,2824,132.619439868204,
8.64277445349112,0.325792627381013,2.12357434725636,0.922294849948006,1.68321721676939,52,33,36.5384615384615,
0.128329074106411,0.029660708772191,184.332831477836,0.648492591978081,0.427149405592335,281,581,106.761565836299,
222.850817023638,0.294315271637186,76.7969748889988,0.922294775473699,0.041484891952883,61,1008,1552.45901639344,
0.823850011777019,1.23316989159743,0.002563232578894,0.88246656806781,30217.5199711066,660,1,99.8484848484848,
13.3492260718357,0.407414597745086,5.39800249107435,0.922294846729011,0.820524581781892,75,87,16,
7.30416119365838,0.457792540552958,9.7708513023211,0.922294845025096,0.246535304825465,82,177,115.853658536585,
38.3737400133945,0.864270544534589,7.47396926966699,0.091700284943091,5.83336440780873,92,52,43.4782608695652,
39.6482698706732,0.264016981102929,31.7065744293044,0.301574071299169,1.21152873717706,76,66,13.1578947368421,
28.2674009150981,0.564191364294156,36.1197852988719,0.357181702549068,4.1822590763209,348,169,51.4367816091954,
895.861572425127,0.315612901270779,138.518151539347,0.922294842872239,0.029731650920865,63,1793,2746.03174603175,
53.5309920523659,0.336158881201501,19.5888665048643,0.922294834954073,0.186439718513151,66,271,310.606060606061,
118.190827115418,0.205967674026486,14.2582833132412,0.92229472768665,0.577682367804121,111,188,69.3693693693694,
127.896045125289,0.954174297546529,12.1137839505216,0.045996878180007,7.16657028391868,122,44,63.9344262295082,
23.4203249815726,0.147004994262266,14.7941929457109,0.295530825705693,4.71417727963025,106,28,73.5849056603774,
25.2270998870362,0.37116087345521,12.878084674293,0.922294848875491,0.476678566269265,98,185,88.7755102040816,
16.1281614499182,0.395343200986438,16.714813778161,0.92229484874975,0.288230514647441,100,253,153,
67.0675645603263,0.93549551750964,11.3356358316056,0.048854843223625,2.51722577605508,76,58,23.6842105263158,
11.9355630631117,0.417331918307789,20.1292327236369,0.922294835099042,0.331987029671293,144,317,120.138888888889,
27.676520387407,0.784375998076453,20.1507274853209,0.160146802905298,7.960603941567,272,105,61.3970588235294,
1054.1471632968,0.401897673288414,63.2425775113595,0.922294849722708,0.079864467369578,68,817,1101.47058823529,
31.6902574577715,0.371010099866975,15.5729591128787,0.857987604069107,0.538030781381397,81,132,62.962962962963,
7.07975111738174,0.016395290924272,628.860404183809,0.921984410839669,0.002977408225086,63,8100,12757.1428571429,
50.7012921426764,0.33939185571666,18.5590407420244,0.922294836831195,0.238654268945732,75,257,242.666666666667,
25.3584561332752,0.369872509589014,32.9912450616293,0.922294842544522,0.174294169285328,122,473,287.704918032787,
20.4058102719728,0.384836210325497,32.7736566817366,0.922294848456188,0.232354446293358,151,475,214.569536423841,
1219.40938870745,0.278127175942019,331.744127189951,0.922294839360346,0.015459325974083,85,4288,4944.70588235294,
12267.6663178701,0.568801096214944,397.574962118058,0.922294358782231,0.018567657974136,105,5126,4781.90476190476,
15.8338828161625,0.401204938353071,8.21935014802834,0.922294852084383,0.680682845865431,90,124,37.7777777777778,
22.5567035177238,0.371134185389312,2.9753229167359,0.92229484024488,2.08932373203691,86,44,48.8372093023256,
298.528744620857,0.454515730588997,46.3491568477457,0.922294844555331,0.090531925053049,57,599,950.877192982456,
244.954535895993,0.900430444534896,15.9086387808118,0.363922493911259,2.27903960524824,79,47,40.506329113924,
6879.07134557739,0.29601766728427,885.341776051712,0.922294818873961,0.005353882734222,70,11403,16190,
22.440454729326,0.604135999787987,23.7756073714794,0.341836229445811,5.37036844075238,280,122,56.4285714285714,
7.16012365131077,0.416332866885849,20.0917667444806,0.036340543267557,3.26147739475462,150,103,31.3333333333333,
303.378021917067,0.293198700726671,52.5443268918006,0.922294848849356,0.406683610400604,285,686,140.701754385965,
0.823850011777019,1.23316989159743,0.00499420508955,0.88246656806781,5201.00556370144,222,1,99.5495495495496,
150.28156154184,0.772682646319544,19.063018872475,0.922292515708764,0.187511972857465,69,268,288.405797101449,
23.3664506617654,0.040797707131193,237.428919308066,0.660012311889831,0.057278226949099,70,728,940,
51.523277153208,0.77801329652413,10.8461687055026,0.114106877178768,3.75718696216687,74,40,45.9459459459459,
103.437602490941,0.280239760591412,24.3142015925751,0.922294840710138,0.153402020284818,59,324,449.152542372881,
36.7576717716324,0.352399695146159,10.167390294811,0.922294849536042,0.282775666498587,50,144,188,
0.823850011777019,1.23316989159743,0.000971132780199,0.88246656806781,142933.063265982,1182,1,99.9153976311337,
118.272653474689,0.56571484526212,24.9178113094107,0.178753447967007,0.988746413361152,50,50,0,
147.411136306194,1.04269947648861,11.0446427686833,0.922294408003422,0.351779562381634,77,169,119.48051948052,
7.02191495889784,0.462203237148703,9.77059073841847,0.92229484760237,0.389695215921015,99,176,77.7777777777778,
22.5563443392425,0.426977886981372,25.8573377029587,0.330013549894471,1.71011827338687,120,93,22.5,
119.173971651052,0.313165844501897,66.6083366942929,0.922294671243045,0.03966442203567,57,880,1443.85964912281,
19.9017474822333,0.744445620981516,19.2345867439166,0.204366525589,3.76419036890929,217,150,30.8755760368664,
27.4474461313907,0.399326503060031,25.5353869067326,0.782407461219422,0.221551607146528,67,158,135.820895522388,
3383.37267716211,0.001360704074735,86235.8652570462,0.910399237997786,6.96143192423967E-05,86,962465,1119045.34883721,
20.3766517454163,0.443561067462974,19.2849633667121,0.685724223580806,1.45038098177507,136,108,20.5882352941176,
246.089995351259,0.324960646040923,69.6290423735323,0.747892743100867,0.14120807473296,57,294,415.789473684211,
0.823850011777019,1.23316989159743,0.002249951818311,0.88246656806781,3395.48296697692,66,1,98.4848484848485,
26.166615415872,0.060793926084215,55.9656304785861,0.922294236965192,0.063868932933202,57,731,1182.45614035088,
1679.15269611287,0.289354900346165,231.184085217485,0.922294844689818,0.061845730269984,191,2982,1461.25654450262,
54.6290903108799,0.333064859825938,7.81880365081203,0.922294846061715,0.467097320537022,55,109,98.1818181818182,
21.8283392067405,0.503133987154658,38.1127218560603,0.52001253195111,6.14581885000199,580,171,70.5172413793103,
40.611673195898,0.756850422225571,24.636678253297,0.130891496808195,5.9970927908203,258,116,55.0387596899225,
1.13652314234774,0.223261377201334,84.0799972178497,0.922294300858796,0.279104685028008,524,1304,148.854961832061,
4362.40544480093,0.292396827581471,327.2088791528,0.922294827669572,0.010686546049493,52,4218,8011.53846153846,
23.4978546170469,0.37463282960346,24.6660107624202,0.922294846710463,0.160664926969226,91,357,292.307692307692,
28.8438496746661,0.36292390034796,27.0318618900884,0.922294847097058,0.106359327711091,71,382,438.028169014085,
0.823850011777019,1.23316989159743,0.001728278538866,0.88246656806781,4964.44313697302,74,1,98.6486486486487,
102.17154518221,0.31939934758102,31.2411958026919,0.922294846843624,0.146748673296018,73,416,469.86301369863,
19.3931016975167,0.385354508838674,5.65973857115764,0.92229485026377,0.535448908392447,50,84,68,
41.9034146145365,0.554994952962258,6.65332566753039,0.922294142863141,0.362056765535838,51,106,107.843137254902,
18.0349664154999,0.387944531607256,15.0609590661938,0.922294846239158,0.123825028808841,56,226,303.571428571429,
34.6605724204914,0.017900050793276,410.779837872507,0.92229461559248,0.008701614230286,66,5306,7939.39393939394,
27.0942038813116,0.369479260149308,20.9288228682633,0.922294843610894,0.256185253446756,102,302,196.078431372549,
21.1107317616355,0.37848069430049,34.5254222832785,0.922294800911213,0.186805290068618,141,502,256.028368794326,
11.8997141413751,0.233477290034054,47.7447434430097,0.635616867036261,1.80112852595153,285,180,36.8421052631579,
565.724924844528,1.80045127462196,12.8924850139011,0.891250776928827,0.143396466252749,52,154,196.153846153846,
19.0253105882153,0.385967904559097,31.7853372239267,0.922294796055697,0.136902477712439,112,465,315.178571428571,
101.522424180576,0.370926603611769,37.2828444093054,0.671533092436719,0.378835822453928,65,136,109.230769230769,
34.6576622131412,0.356006965557651,22.2830502954033,0.922294850136551,1.02174561418493,318,312,1.88679245283019,
463.214579964166,0.47554598009827,65.6536341934229,0.922294846258056,0.059178105444259,61,856,1303.27868852459,
42.3174471243314,0.094669611988285,56.006875305957,0.922294770890385,0.11238126611233,94,734,680.851063829787,
31.7041726639022,0.357408750426871,21.4906065599788,0.922294846376612,0.122936279896131,61,304,398.360655737705,
29.1459212979816,0.048084957009086,373.938395643542,0.2024049673538,0.05758987611953,50,492,884,
7451.34167250824,0.357330108469927,1962.88188415184,0.922294850474112,0.199282354109833,5036,25263,401.648133439238,
23.1845771593184,0.304751857949806,83.3531551396909,0.922294815683988,0.394337717757509,498,1148,130.522088353414,
751.934832543357,0.008387477698986,35649.215923723,0.350294191777489,0.000728998707419,70,54900,78328.5714285714,
21.2654674326993,0.300850735945593,14.2416137100755,0.281503522563369,1.71531686859072,54,40,25.9259259259259,
1029.49997561574,0.285930310622962,112.230314658739,0.922294843795821,0.031156751540978,51,1450,2743.13725490196,
67.5222509302393,0.334215875952882,45.8352810204346,0.922294837404662,0.083070352846186,77,618,702.597402597403,
29.2902818352285,0.362751738926097,16.1123684251223,0.922294850442933,0.139858354631549,50,228,356,
1047.11865522536,0.408555615980395,101.999384495662,0.92229485109691,0.041138268250485,61,1320,2063.93442622951,
0.823850011777019,1.23316989159743,0.004585414017783,0.88246656806781,1409.76119739692,56,1,98.2142857142857,
0.006945406141895,0.010510304842798,74.7125280891265,0.371774837201695,0.546556737220525,73,127,73.972602739726,
13.36682892297,0.411810474287391,33.737215865334,0.922294848060004,0.451436474219817,276,514,86.231884057971,
14603.9851861573,0.307164005803118,264.949330968279,0.922294839757255,0.085931947319581,296,3413,1053.04054054054,
27204.4533742754,0.246969803635075,21997.7044658561,0.922286420391616,0.00065356875077,297,283173,95244.4444444444,
237.167222285522,1.09183138622337,16.1395718572832,0.92229438475975,0.168511070644137,57,230,303.508771929824,
0.237348796424303,0.276795644101426,47.009275335112,0.853471923100152,0.308583348917314,401,623,55.3615960099751,
23.9468648413795,0.612797671524139,10.8181179668245,0.328900347898277,3.78412205373849,97,52,46.3917525773196,
141.331281304092,1.34587551221059,9.9493436435459,0.012279138100188,1.58839963283896,91,85,6.59340659340659,
4.40240910767151,0.239539901785938,14.7333699726083,0.922294851012006,0.174045036632568,60,217,261.666666666667,
1.08153003328948,0.078372686056256,41.5271836821485,0.922294805924114,0.054264470363527,54,559,935.185185185185,
4484.05369128094,0.311891886815201,651.775182037865,0.92229482947299,0.004530391094049,57,8407,14649.1228070175,
32.4303106789788,0.30811247374254,29.0147333775744,0.922294833529754,0.093734475897707,61,399,554.098360655738,
6.69513640169407,0.028941161462983,515.520152056571,0.922290679481395,0.011305472765022,135,6694,4858.51851851852,
20.7020559034754,0.377655437018774,5.78027637030143,0.922294853558888,0.564612475502884,52,84,61.5384615384615,
1320.80557746082,0.516352375988981,125.778460301111,0.249008796082221,0.298537286161685,62,179,188.709677419355,
0.823850011777019,1.23316989159743,0.004065916539066,0.88246656806781,4769.65429134619,166,1,99.3975903614458,
31.7648658039396,0.358308038319405,23.4898253970782,0.922294766574933,0.0893170241588,58,333,474.137931034483,
26.719564315977,0.45121108063676,18.9435973470308,0.609258465088901,1.21696793578482,96,85,11.4583333333333,
97.0040161730652,0.314243285853518,39.0625163212585,0.922294795738214,0.119355143876634,78,521,567.948717948718,
14.8513001143649,0.401193180401047,33.7144409853897,0.922294814461504,0.387207107367566,245,511,108.571428571429,
357.806282361311,0.879339533444774,12.2179993924223,0.922294052287606,0.343437664522374,63,166,163.492063492063,
74.8602456830499,0.018321205910182,320.571601639489,0.922294441740306,0.012847035004664,65,4137,6264.61538461539,
46.3515757345119,0.476003133602583,19.6664401844749,0.4416660941056,0.908485970060061,68,71,4.41176470588235,
146.782460535458,1.07092441687497,22.6700979820344,0.037990503712551,2.88559166349382,104,60,42.3076923076923,
21.5938105593455,0.696598538773898,7.41757098433839,0.069134114338689,5.01978821706869,88,56,36.3636363636364,
7.03827309941054,0.364151669373902,18.3077830656872,0.360572143264915,3.14339026738941,139,78,43.8848920863309,
39.0505888743665,0.477637454998693,12.308182263769,0.480203639009703,1.3936485132474,56,47,16.0714285714286,
54.2797632074642,0.014706717601796,615.10539857368,0.922290689127254,0.005306067975055,63,7936,12496.8253968254,
21.7381586653806,0.376340184432781,10.0230477917308,0.922294850141791,0.286847933332786,56,148,164.285714285714,
514.177091758247,0.891930463729663,36.5596438150581,0.922294667046664,0.146655366800151,91,492,440.659340659341,
11.4801699804504,0.168734428447631,50.0463556679701,0.614807068803481,0.554164048030758,113,171,51.3274336283186,
123.484223154291,1.05326924427011,14.7576183830608,0.024231577560265,5.62016944431757,137,67,51.0948905109489,
57.2372406619521,0.351974732554051,30.2406436997757,0.844944120554041,0.297389205638249,82,219,167.073170731707,
17.6491656947722,0.138219073984775,6.37041050903152,0.922294850065842,1.75648674047849,148,86,41.8918918918919,
3.98114160795831,0.079937626979139,66.5676557291174,0.922294601693931,0.028015551079861,54,887,1542.59259259259,
661309.26258572,0.22332715338274,70311.3273085468,0.922168996894764,8.52350178628286E-05,92,903400,981856.52173913,
99.9318067411618,0.319966932088908,44.5841278720465,0.922294830608129,0.050543770169319,51,596,1068.62745098039,
11.9068376927142,0.416294520735334,9.98451727269067,0.922294849173209,0.249042067687987,61,157,157.377049180328,
101.505731672506,0.223964738695841,48.2550593463667,0.92229481398855,0.061191450356333,54,637,1079.62962962963,
14.8892570906235,0.399868564469908,9.94674275089869,0.922294840165933,0.429666665551148,82,155,89.0243902439025,
30.4907665384568,0.132555797941611,43.4275108611475,0.922291443130567,0.091258658895109,67,575,758.208955223881,
15.1557936934706,0.398467174898671,18.6559771568642,0.922294847962098,0.562296760813573,181,286,58.0110497237569,
32376.3793251549,0.229451026708896,6165.51064610768,0.92229249591544,0.000869646991076,95,79369,83446.3157894737,
75.7667384310854,0.319766665888305,3.754471937523,0.922294851232482,1.17971143571009,60,51,15,
25.5944470720572,0.555178106718951,9.40962752244207,0.380656132445513,2.50116882001324,68,45,33.8235294117647,
35.4706308372185,0.358436807808308,20.973193126413,0.10088779511457,1.28608772083415,53,46,13.2075471698113,
8.63541924663856,0.436743642092102,94.9478625992855,0.481818852486588,7.71149493408356,1728,498,71.1805555555556,
819.491382783627,0.310534430140355,62.1448020361628,0.922294849882804,0.086276811292544,75,806,974.666666666666,
51.0635374104599,0.36553333616683,45.4010917709637,0.025273078769434,3.13450899413563,201,102,49.2537313432836,
5381.22188000302,0.36285122892726,35.9450312374544,0.92229485034926,0.319943028351751,150,465,210,
1207.03422733853,1.28706817042286,36.5956757154566,0.92213620074431,0.087234781352457,63,492,680.952380952381,
30.8600983573965,0.420311959409632,70.7563566572716,0.682966803169439,0.573520897788359,228,323,41.6666666666667,
342.590957272394,1.20999862821192,23.2386238631786,0.922292878975307,0.140442872273879,81,338,317.283950617284,
161.62497724967,0.313332507127822,29.0108445273818,0.922294842697884,0.206243465494967,85,381,348.235294117647,
31.555305737216,0.560454151464939,18.8475325433308,0.357057812262278,2.1149938618275,114,81,28.9473684210526,
46.8273766903559,0.013371862166608,909.054679496492,0.922293038089264,0.009060992862498,132,11724,8781.81818181818,
199.874708592886,0.008319331461511,18148.7048756749,0.401646967919733,0.003692579721367,159,30378,19005.6603773585,
26.4225764190182,0.119910516610032,122.980344846319,0.410728372926712,0.694780828858476,194,258,32.9896907216495,
20.6979507282135,0.583694945539298,16.8892301540336,0.387497112894506,1.52316719138835,101,87,13.8613861386139,
40.5211430312659,0.351013822696927,34.5171845608191,0.922294840877492,0.506520477409109,256,475,85.546875,
132.059396173788,0.331493019831368,35.331039771009,0.922294848431526,0.085774461516335,52,468,800,
22.8270552060082,0.017763866586669,395.744633085875,0.922293675967626,0.006283350830677,52,5113,9732.69230769231,
309.28388116517,0.952502023420686,15.285162345075,0.922294654518199,0.259269252763203,67,213,217.910447761194,
16.5632823433237,0.394467932157441,27.2514113269728,0.922294827433323,0.131165241138512,104,409,293.269230769231,
23.1844830173981,0.061783691237169,156.617018710594,0.9222940732795,0.024807625429293,78,2044,2520.51282051282,
306.078952941376,1.11754747930389,8.99561696231888,0.922294157666031,0.336889383320695,53,130,145.283018867925,
144.834872307873,0.238701877550744,55.2601613295029,0.922288256650015,0.091408768925404,81,727,797.530864197531,
5333.1983724148,0.362603336909746,33.0042212568531,0.922294850011533,0.426146462855629,183,427,133.333333333333,
18.6711214162437,0.049342272636214,73.4309409051691,0.922294828552999,0.052910374352517,61,956,1467.2131147541,
31.6663077560755,0.382103995539368,21.5577226492712,0.922294846926577,0.126158054902972,64,306,378.125,
30.8831673911524,0.090527936776892,53.4362620861129,0.922294796616068,0.072708307383766,64,702,996.875,
11.2451427253486,0.421334481448393,9.44035344174022,0.922294847700916,0.395096151153053,78,151,93.5897435897436,
27.1161186298066,0.369612394873295,19.2904823533134,0.922294821177684,0.209464399321587,78,274,251.282051282051,
54.1774697264783,0.766538926920864,15.1367345729231,0.125334150438285,7.45417672813641,177,65,63.2768361581921,
11.6938671602012,0.416590557826584,27.4139713657246,0.92229484086237,0.184243110075651,142,430,202.816901408451,
153.102382281665,0.721737718090045,26.8650862623161,0.094409174803315,0.943847447870474,61,63,3.27868852459016,
239.522865947808,0.304783204411261,49.2995546531415,0.922294847417118,0.13712797858469,100,647,547,
308.417436003654,1.08540165241008,17.6842388046946,0.922292761148406,0.171371940216484,54,243,350,
16490.430986218,0.387297373252799,260.813195322325,0.922294813001714,0.018769858537418,66,3359,4989.39393939394,
24398.1114442089,0.708688870112774,1232.23735471255,0.896419035983158,0.0040348446294,70,11918,16925.7142857143,
670.549343864764,1.33200270369217,115.468388221066,0.922147428577166,0.159793166869939,375,1621,332.266666666667,
24.1335518925778,0.415923862858107,31.0188025843258,0.309765802641272,1.62440494826349,125,97,22.4,
18.6907620249457,0.40059808433611,28.4706735687337,0.872376593058173,0.32274913614628,128,279,117.96875,
37.280666804897,0.915675551105855,4.19554183332896,0.083900575007008,17.9047560085514,115,38,66.9565217391304,
125.216519270809,0.31429832717088,28.2538732464926,0.922294848835497,0.244772049244585,101,376,272.277227722772,
15.197741262821,0.393866970215422,39.9914949483138,0.695202940814726,1.50144476312033,277,211,23.826714801444,
47.7198580395732,0.004486944510244,1682.94834511253,0.597263989563664,0.00670050766856,56,4207,7412.5,
1.3092754605391,0.18990995234551,64.6099622831096,0.902158846023533,0.540617742764569,482,785,62.8630705394191,
69.046947838803,0.203705088335434,190.218523274428,0.345155051564665,0.654092661749941,256,356,39.0625,
89.4534703424479,0.013053886278921,381.048775599041,0.922294347811943,0.00958450961323,56,4913,8673.21428571429,
16.4641238387305,0.056208607422618,94.0089364449391,0.922294801937285,0.028103463713577,52,1228,2261.53846153846,
53.4333826960263,0.774474448532823,10.2907773678126,0.019639220865771,9.33606402327369,143,55,61.5384615384615,
33.2860623442797,0.352960337682684,17.9401759154129,0.922294826026685,0.147265886775554,57,254,345.614035087719,
10.479778320715,0.427144081735998,18.218019103017,0.922294839873342,0.200468695597543,105,292,178.095238095238,
653.16711110629,1.2357828950175,31.6960268042598,0.92224452289982,0.316457851574479,168,447,166.071428571429,
30.6717754671851,0.174806038406839,25.3950360311272,0.922294699412177,0.149933228058284,64,342,434.375,
11204.6046673413,0.254867371255591,5628.21954724824,0.92229415441225,0.001946712301447,190,72479,38046.8421052632,
13.4697231344977,0.121050321283414,9.16741779001702,0.922294759006085,0.381430837431015,51,124,143.137254901961,
592.72921090084,0.611757180346751,11.5485353953193,0.00017097548221,3.72277926010343,65,34,47.6923076923077,
80.0630341169425,0.862146471797873,8.66139762220222,0.060080550485372,11.3944130617044,129,33,74.4186046511628,
9.57775465423329,0.264537397107856,14.2498904540806,0.922294832508279,0.196309300672617,56,203,262.5,
29.6892182297223,0.519753044294927,5.4709829212519,0.427457402128277,3.66277709397873,52,27,48.0769230769231,
1000.70161857533,0.413903735259666,50.7212648879869,0.922294850351398,0.091920203275931,65,658,912.307692307692,
24.2783090978282,0.370648414799981,15.3125362475061,0.922294852917511,0.482087934586192,120,222,85,
101.827541198632,0.323817189502615,54.5460059505547,0.922294847652591,0.200865788247016,165,726,340,
31.8484201753454,0.026767660502151,452.64622095451,0.922294300415486,0.005665104374188,64,5856,9050,
55.3983804764306,0.353048575324217,39.9604459063478,0.851184232899411,0.156411223059747,77,304,294.805194805195,
15275.2573090263,0.355113352600288,189.025166568211,0.92229483761833,0.030831276514296,77,2435,3062.33766233766,
12.8332595433166,0.076997254875521,46.3373266029458,0.922294824046254,0.088878116789904,66,609,822.727272727273,
25.3089622516491,0.566389704964741,23.5641530745906,0.204428560471505,2.83600266510129,158,104,34.1772151898734,
7.77169211963509,0.455172866911893,32.9636212782932,0.922294844372862,0.601111586546729,384,553,44.0104166666667,
51.6420169638041,0.57991245192175,12.1596106454886,0.263391288659493,2.18081930263917,60,41,31.6666666666667,
746.28292819068,0.210141196148769,96.2197489179066,0.922294647303184,0.050070093939998,69,1245,1704.34782608696,
44.8518788944283,0.347499814396093,26.7463628171309,0.922294847419175,0.153978808817546,76,367,382.894736842105,
4.38631370420207,0.402200182690305,13.7509626369589,0.922294842158791,0.265591763642847,113,243,115.044247787611,
13.406730318165,0.006169800799897,1027.92549478109,0.922293899521668,0.00355296832409,69,13250,19102.8985507246,
11.9405644098547,0.415471963772318,24.7166439699465,0.922294833294493,0.185486542639019,132,391,196.212121212121,
53.1299984232645,0.067525548843488,111.216604094993,0.92229468295886,0.041222385296996,76,1448,1805.26315789474,
15.323174125604,0.397738347173953,25.1554130898552,0.922294843284395,0.216230238424746,129,383,196.899224806202,
22.4902584458178,0.438889292719461,35.1359222455861,0.691563953416433,0.930506981127134,176,184,4.54545454545455,
251.925335559949,1.38402482946253,7.95219667122148,0.922261135136814,0.459461303540484,77,132,71.4285714285714,
5.29841243052656,0.21604397773696,56.3702673070798,0.922244187762789,0.122764493051155,159,795,400,
25.8943692815952,0.3685763104163,21.7969367105423,0.922294840537014,0.235287214559677,102,317,210.78431372549,
21.3853385216087,0.380939007049169,34.4673034720968,0.922294840492864,0.196138026364427,140,497,255,
17.7607224278514,0.389043891576704,22.8723699833569,0.922294818638915,0.166469582708908,92,337,266.304347826087,
7.96055956852564,0.309714092378113,44.3836878726982,0.878231604731058,0.315507028079617,203,452,122.660098522167,
0.823850011777019,1.23316989159743,0.00223752349356,0.88246656806781,5305.36401486552,102,1,99.0196078431373,
16.9942130793404,0.501795708698788,7.99030052438561,0.569758296031478,1.9922833938789,65,47,27.6923076923077,56304
13.5827434308168,0.448018499557766,4.65870120344756,0.711364188448114,2.35433876524533,55,33,40,56369
12.0684020515523,0.22778153661026,31.2886331253473,0.350853404702333,2.15769240031984,133,77,42.1052631578947,56424
342.202284062465,1.09456556122019,7.63360106561521,0.922294025674164,0.447896456855413,57,111,94.7368421052632,56557
28.5897323400341,0.509280562373488,13.2137646758801,0.454731332788967,1.15542565320371,60,56,6.66666666666667,56614
13.3449241247002,0.406857814266662,19.284043027084,0.922294827107,0.447275199449047,163,300,84.0490797546012,56674
25.9181586166191,0.370223955508287,45.4059280059792,0.922294846732871,0.234454100270671,203,650,220.197044334975,56837
0.823850011777019,1.23316989159743,0.001184873954115,0.88246656806781,8431.56496059043,86,1,98.8372093023256,57040
12.2581136322563,0.153056272699362,64.5648317626454,0.922294549342633,0.066193927397916,96,872,808.333333333333,57500
31.5325515165188,0.357578617277321,30.8526812209857,0.922294791824633,0.481050403859225,228,434,90.3508771929825,57678
1355.62698396648,0.498001206880039,94.1897557694002,0.92229480931139,0.084973515172093,107,1216,1036.44859813084,57906
52.3630318761456,0.351479162140764,24.8378690757825,0.862145971164066,0.51061428072635,117,205,75.2136752136752,58013
13.2687250924445,0.406998139025128,9.17990080271181,0.922294839905377,0.897258820879286,133,145,9.02255639097744,58130
55.458346479066,0.338461064522262,17.2407343599942,0.922294848227257,0.211832167763888,62,237,282.258064516129,58263
7.69098397459692,0.454425777550368,16.3987918008906,0.92229484698056,1.15618623414157,314,281,10.5095541401274,58325
33.4163504163158,0.353418634099287,33.9770826172217,0.922294646576947,0.457398619525192,236,473,100.423728813559,58639
87.1262388684994,0.897214620352563,14.4385755159087,0.04866328500944,34.1961542214524,556,52,90.6474820143885,58875
78.1056571835891,0.328836791583279,13.9455208108743,0.922294849118379,0.579493286861472,113,188,66.3716814159292,59431
26.7832994501487,0.36718900306911,21.1588347888123,0.922294850522429,0.18362341370201,83,305,267.469879518072,59544
45.8749340688474,0.344577363699774,23.0878250214214,0.922294848385702,0.141356596594632,61,316,418.032786885246,59627
78.1259085130306,0.078975943281718,73.1570980590327,0.922294466241496,0.05417085049609,60,950,1483.33333333333,59860
191.958976428101,0.378949880648178,91.7305044530417,0.576716497597704,0.2076491099845,61,233,281.967213114754,59920
279.359030072752,0.299988092664727,59.6469266226034,0.922294842377985,0.056018339367052,56,781,1294.64285714286,59981
510.427495993197,0.827857600115572,37.6345313376839,0.922294523321495,0.128013804950541,80,502,527.5,60037
25.03315569447,0.372577983459062,20.6790292801039,0.912488691679316,0.296232066770259,103,269,161.165048543689,60117
19.0786950517848,0.381474310610109,12.7746667300249,0.922294843900422,0.225061900748215,65,192,195.384615384615,60220
34.381708941808,0.281372955678211,42.5401913126622,0.535520399062682,0.589604740285911,87,125,43.6781609195402,60285
15.4619280178898,0.397869627716041,10.8756910330185,0.922294830238977,0.221490317744265,59,168,184.745762711864,60432
45.4555081293073,0.246968667198784,14.834951992057,0.922294807227065,0.20951922949138,51,202,296.078431372549,60491
2692.15797972354,0.393717295480653,151.110996164413,0.922294848288812,0.034453119209042,73,1951,2572.60273972603,60542
32.7934127355247,0.095632247878259,662.857217143248,0.09452600253972,0.154359881836966,118,737,524.576271186441,60615
4363.09309707299,0.469745796681895,161.174139526352,0.922294830214458,0.034712592485374,78,2080,2566.66666666667,60733
17.3607590922705,0.390988836428479,32.8212401690959,0.922294829351755,0.217812479443414,154,484,214.285714285714,60811
290.994867327566,0.027786421800009,720.802368064408,0.922290199222101,0.003234304057015,50,9296,18492,60965
9.38051191683773,0.505399483406262,32.2379634170426,0.290198482426319,10.5904496985828,637,201,68.4458398744113,61015
6009.77037456301,0.374992386024604,106.886294195721,0.922294843300642,0.079241797500442,111,1378,1141.44144144144,61652
1513.36475291742,0.936362810961477,48.7693091291249,0.922290412480803,0.058956232711798,51,642,1158.82352941176,61877
10.8436290470258,0.42297490879025,7.43555882749647,0.922294830344334,1.2540577749446,145,121,16.551724137931,61928
11.1702321881408,0.030421195392587,212.102430644486,0.922294612763267,0.013921597720609,63,2755,4273.01587301587,62073
7.54105160639726,0.441721080219557,30.2673854469836,0.922294826743504,0.582774959539243,335,498,48.6567164179104,62136
71.2754644065993,0.333560810597193,62.3256621319675,0.922294817956419,0.205715504635043,205,842,310.731707317073,62471
73.6133009505754,0.084124437960187,114.200836411974,0.922293659459835,0.067363146848807,116,1487,1181.89655172414,62676
31.1090220448025,0.365672038590657,11.4940764724923,0.922294849768636,0.35154349474715,67,163,143.283582089552,62792
201.066064837929,0.305837899103705,47.1666269657696,0.922294850553564,0.060956034265598,50,620,1140,62859
415861.804392653,0.303879113137677,2604.98338706339,0.922293567775371,0.002267073517014,78,33525,42880.7692307692,62909
38.7526649449289,0.34825450711171,17.0834196078001,0.922294848387907,0.191039993317132,63,241,282.539682539682,62987
59.0616919904804,0.332088259497858,26.1331259399693,0.922294832424289,0.136778038597203,68,358,426.470588235294,63050
1408.49649284382,0.032395032826228,12153.8845288926,0.084246520632904,0.005424952850069,96,13296,13750,63118
8.76489447413842,0.074086464257482,64.8339170575741,0.922294803938291,0.045544023627676,58,854,1372.41379310345,63214
17.2507104001407,0.395932740679893,13.4760756352501,0.922294849810945,0.172984670668805,61,204,234.426229508197,63272
8.99997443930624,0.509462101709891,20.9572237154118,0.715489009736504,3.89625340238054,392,179,54.3367346938776,63333
36.6657854316124,0.854015448635718,6.59035627752314,0.105654196546144,6.92096664511269,87,43,50.5747126436782,63725
184.014037244236,1.42923708714863,7.03573672598566,0.922292614867554,0.519099455176571,66,110,66.6666666666667,63812
40.060835590545,0.45852367793086,11.9669791601825,0.518110748858895,1.48992507244819,59,47,20.3389830508475,63878
96.5667826624345,0.321268211769293,32.1684266163725,0.922294831655599,0.123194200102638,67,430,541.791044776119,63937
153.780466542232,0.022683158439403,951.910767114072,0.922292703456144,0.00571430741829,104,12284,11711.5384615385,64004
19.0637527792885,0.262097683034738,14.8684444380717,0.922294846818845,0.18291626758052,53,209,294.339622641509,64108
244.242940421218,0.298662819110118,14.3234891297785,0.922294848996663,0.260400745542217,52,188,261.538461538462,64161
26.6394421133189,0.368327322779967,14.2538080736284,0.922294839473893,0.201706864903373,59,205,247.457627118644,64213
11.542063674496,0.421756231415817,38.4172626277892,0.922294844369569,0.370147233501294,291,602,106.872852233677,64272
15.5481967571437,0.659713443212717,15.0364391034236,0.241263061897873,6.66070438224147,212,100,52.8301886792453,64563
234.763547094051,1.11202222888514,13.7897393349008,0.922294071639128,0.123971192088635,52,207,298.076923076923,64775
11.3197272707868,0.444443252733351,16.1054678539792,0.33489522375696,3.67541791535137,147,82,44.2176870748299,64827
26.4058101819913,0.366959116761509,24.1289378784291,0.922294848236141,0.202886036086137,96,344,258.333333333333,65063
56.2289754613189,0.808333658743547,8.41244225144396,0.103915985585193,3.40860449370121,63,40,36.5079365079365,65159
4.89729632135538,0.093476268743835,59.3534793116781,0.876746099610571,0.083064313545763,69,511,640.579710144928,65222
6285.72851237284,0.388101256646847,164.563853384085,0.922294832971551,0.039191649507066,86,2121,2366.27906976744,65291
12.9349077462132,0.377292376486045,40.215923419083,0.579815562061116,1.56723159217389,232,178,23.2758620689655,65377
314.658982685467,0.346766427439605,101.102084731636,0.922250243104373,0.041527203751617,97,1343,1284.53608247423,65609
339.492929166912,1.02707618128793,23.3619716413746,0.922294217085563,0.106437294395914,59,328,455.932203389831,65760
14.830660084587,0.403410982019948,10.8609158681493,0.922294850879427,0.329110077173948,70,164,134.285714285714,65819
8.58921367499871,0.342805983345738,14.7999981376212,0.439765287138872,0.832781434722927,61,65,6.55737704918033,65889
14.1031932164324,0.405325671459186,23.4522154892349,0.9222948485322,0.294887213696663,146,359,145.890410958904,65950
71.9416463479546,0.32115688976998,23.8300765467029,0.922294793699053,0.149996978937027,61,322,427.868852459016,66096
57.5219294377248,0.754525727273972,7.92799370074764,0.067643422643479,11.760309260445,131,40,69.4656488549618,66157
6264.80944594309,0.385911929846526,296.678488754452,0.922294791789888,0.013357778770391,53,3820,7107.54716981132,66288
34.0255130645262,0.765108920753312,15.0679720591923,0.047238427778882,5.18493454960119,163,97,40.4907975460123,66341
292.666157943653,0.291324149233392,93.4568458130619,0.92229473296706,0.043235718588184,71,1222,1621.12676056338,66504
83.6425610274221,0.320361364546507,46.3644902437936,0.922294841650488,0.170948200011996,129,624,383.720930232558,66575
113.434644383262,0.765978741593571,13.1208509869269,0.084400233062981,2.86106369791264,61,34,44.2622950819672,66704
6.73403004595949,0.46781496734093,25.7255174158623,0.922294803064865,0.320178239448959,237,462,94.9367088607595,66765
4017.58377181333,0.539540987642184,478.60661221478,0.922294633924745,0.005520154505039,53,6178,11556.6037735849,67002
50.4700209054909,0.390640401022378,39.6173466030613,0.677478010957856,0.48845571452363,99,162,63.6363636363636,67055
7371.65794921701,0.518382096397789,325.085371538793,0.922294773814963,0.042308348018392,184,4191,2177.71739130435,67154
187.071246911819,1.18879006794005,8.43016527024343,0.922294234049575,0.35026823454327,58,128,120.689655172414,67338
157.753697550429,1.25018794038664,7.85857080092491,0.922293938478132,0.316418090730583,61,130,113.114754098361,67396
52.4861127100156,0.33682783102371,33.4069193233492,0.922294804222765,0.072106650894046,59,458,676.271186440678,67457
9.72453649404718,0.321672443175931,16.0477931504745,0.92229484600073,0.227579094752833,80,240,200,67516
743.307172188773,0.795769111313036,48.9193025497679,0.922294691018526,0.052418474155062,51,648,1170.58823529412,67596
31.3991690205447,0.358108081485009,9.4642146790692,0.922294843290039,0.303785458779485,51,136,166.666666666667,67647
144979.088579393,0.222119246036536,20936.4678133267,0.922285101799072,0.000133629815697,56,269421,481008.928571429,67698
836.783849705936,0.397921623615013,11.9506772138762,0.922294845252981,1.06635340830009,166,156,6.02409638554217,67754
7.44562745668165,0.154686778647288,19.9595609985327,0.922294844501298,0.214122121861437,71,273,284.507042253521,67920
9.9705819880268,0.00344588217283,532.255106501034,0.922294721187614,0.01255535906794,94,6858,7195.74468085106,67991
48568.54483296,0.24630002116594,6497.8127016765,0.922285106970543,0.000394685348396,52,83630,160726.923076923,68085
56.1183253470273,0.336796511081324,23.3616585168279,0.922294847381235,0.129721139017116,59,321,444.067796610169,68137
515.629045928711,1.04766574617749,17.3261700467474,0.922255406634643,0.210894610771625,63,239,279.365079365079,68196
9.62815803761374,0.232298143151647,21.9356943969171,0.922294845408315,0.155865902404012,70,308,340,68259
14.2746445026435,0.659951767231182,20.3299672370633,0.350191229086971,5.59354245797625,293,149,49.1467576791809,68329
125.956020956883,1.30968135878528,4.78187181164823,0.922293594972829,0.6175078520172,64,88,37.5,68622
13.1504581919575,0.883928835647581,13.1704581855258,0.184648386341498,7.98608193278642,332,219,34.0361445783133,68686
114.058772199317,0.320165024546717,23.5745717579546,0.92229484985016,0.204360840941446,75,316,321.333333333333,69018
69.4627151707846,0.330358973081258,28.2698489513361,0.92229484357973,0.571728294807611,229,385,68.1222707423581,69093
120.128980526941,0.314874511335026,9.40786505754003,0.92229484708203,0.611210012129292,79,126,59.4936708860759,69322
23.9033390371759,1.02748735339437,5.51613010522779,0.076915289925199,6.35902676581156,124,92,25.8064516129032,70453
14.8497377322877,0.337823122061882,5.46988174402789,0.847027018354754,2.43307808576794,98,47,52.0408163265306,70577
31.1325276649792,0.35979708663097,31.2633864173687,0.92229484866723,0.141673508008307,96,441,359.375,70675
721.120710730145,1.07226699412844,30.70421593762,0.922292323043112,0.1467891338654,79,416,426.582278481013,70771
14.96773624723,0.322912464015252,37.4045637197325,0.461280932496051,1.45465206399921,160,128,20,70850
0.823850011777019,1.23316989159743,0.001585747386513,0.88246656806781,6374.20262025035,87,1,98.8505747126437,71010
1255.45198701797,0.368500160683136,113.029378456081,0.922294851091129,0.032998917613929,55,1462,2558.18181818182,71097
2475.46669911539,0.307877384442814,115.098558405917,0.922294849072156,0.037131510248452,59,1485,2416.94915254237,71152
26.8355982732239,0.361262573293654,8.86155160646092,0.922294826753342,0.447208797237063,64,127,98.4375,71211
3947.97209455794,0.391275627711141,133.836628375139,0.922294839964039,0.03077164698413,55,1724,3034.54545454545,71275
4.95467354818981,0.264815017218743,67.6526586553856,0.114351221371802,1.17820040868701,233,219,6.00858369098712,71402
10.8141694768048,0.255758861292127,54.4174969489845,0.122004347425036,2.29108999229652,219,139,36.5296803652968,71635
94.4787132188011,1.23060471704317,9.75591113066857,0.922293366584446,1.11511149829755,175,161,8,71965
17.3026236360705,0.389527722353412,11.352417799411,0.922294845745382,0.171120275054205,51,172,237.254901960784,72140
13.9710915690005,0.40521589079957,19.7584199559219,0.922294846447148,0.228100167732018,106,302,184.905660377359,72191
20.8139486746746,0.378847942917036,38.6897063448776,0.921031669528222,0.251051392363816,183,550,200.546448087432,72297
0.823850011777019,1.23316989159743,0.004403600499179,0.88246656806781,2722.41091336913,103,1,99.0291262135922,72480
2378.06760347571,0.320318286310405,257.740765417379,0.922294793325187,0.072055130142902,246,3324,1251.21951219512,72583
2.17584126331653,0.165032646093397,22.3091511800076,0.922294796774731,0.142807465265245,71,317,346.478873239437,72829
53.2635368067814,0.712919829373102,7.20254882444258,0.104860753070886,4.22555058458007,58,32,44.8275862068966,72900
44.6215001820063,0.350726291838021,21.9464836781655,0.922294848945504,0.173492594873338,71,304,328.169014084507,72958
56.8830004466832,0.698788212523301,9.67760579113108,0.143065751180903,8.85481664901482,129,40,68.9922480620155,73029
13.5874058156011,0.410759663754177,35.573717617548,0.922291682294603,0.386644218119906,258,539,108.914728682171,73158
16.0111797654562,0.737634489696003,31.7250901872193,0.252496031033906,18.1898005848476,985,255,74.1116751269036,73466
